city,country,fileName,date
Bangalore,India,city-Bangalore._TTH_.jpg,2017-11-08
Dublin,Ireland,city-dublin._TTH_.jpg,2018-11-21
Philadelphia,USA,city-philadelphia._TTH_.jpg,2017-12-12
Portland,USA,city-portland._TTH_.jpg,2017-12-19
Frankfurt,Germany,city-frankfurt._TTH_.jpg,2018-01-18
Edinburgh,UK,city-edinburgh._TTH_.jpg,2018-01-25
Phoenix,USA,city-phoenix._TTH_.jpg,2018-01-30
Miami,USA,city-miami._TTH_.jpg,2018-02-06
New York City,USA,city-newyorkcity._TTH_.jpg,2018-02-20
San Jose,USA,city-sanjose._TTH_.jpg,2018-02-13
Atlanta,USA,city-atlanta._TTH_.jpg,2018-02-27
Los Angeles,USA,city-losangeles._TTH_.jpg,2018-03-01
Chicago,USA,city-chicago._TTH_.jpg,2018-03-15
Pune,India,city-pune._TTH_.jpg,2018-03-20
Boston,USA,city-boston._TTH_.jpg,2018-03-22
Denver,USA,city-denver._TTH_.jpg,2018-04-11
London,UK,city-london._TTH_.jpg,2018-05-03
Melbourne,Australia,city-melbourne._TTH_.jpg,2018-05-15
Sydney,Australia,city-sydney._TTH_.jpg,2018-05-17
Brisbane,Australia,city-brisbane._TTH_.jpg,2018-05-22
Auckland,Australia,city-auckland._TTH_.jpg,2018-05-24
Washington DC,USA,city-washingtondc._TTH_.jpg,2018-06-12
Mumbai,India,city-mumbai._TTH_.png,2018-06-22
Belfast,UK,city-belfast._TTH_.png,2018-06-22
Toronto,Canada,city-toronto._TTH_.jpg,2018-06-25
Munich,Germany,city-munich._TTH_.jpg,2018-06-28
Lille,France,city-lille._TTH_.jpg,2018-07-04
Paris,France,city-paris._TTH_.jpg,2018-07-12
San Francisco,USA,city-sanfrancisco._TTH_.jpg,2018-07-25
Seattle,USA,city-seattle._TTH_.jpg,2018-08-09
Vancouver,Canada,city-vancouver._TTH_.jpg,2018-08-14
Austin,USA,city-austin._TTH_.jpg,2018-08-28
Bristol,UK,city-bristol._TTH_.jpg,2018-09-11
Vienna,Germany,city-vienna._TTH_.jpg,2018-09-20
Delhi,India,city-delhi._TTH_.jpg,2018-09-21
Montreal,Canada,city-montreal._TTH_.jpg,2018-10-04
Tokyo,Japan,city-tokyo._TTH_.jpg,2018-10-12
